elapsed_ms,session_id,invoke_ms,loop_gap_ms,drained_bytes,should_render,queue_depth,queued_bytes
2,session-01,2.0000,0.0000,0,true,0,0
11,session-01,3.0000,8.0000,0,true,0,0
16,session-01,1.0000,7.0000,0,true,0,0
22,session-01,1.0000,6.0000,0,true,0,0
29,session-01,2.0000,6.0000,0,true,0,0
37,session-01,3.0000,7.0000,0,true,0,0
44,session-01,2.0000,8.0000,0,true,0,0
50,session-01,1.0000,7.0000,0,true,0,0
56,session-01,1.0000,6.0000,0,true,0,0
62,session-01,1.0000,6.0000,0,true,0,0
68,session-01,1.0000,6.0000,0,true,0,0
73,session-01,1.0000,5.0000,0,true,0,0
79,session-01,1.0000,6.0000,0,true,0,0
91,session-01,7.0000,6.0000,130388,true,2,2048
157,session-01,8.0000,65.0000,129022,true,128,130388
173,session-01,8.0000,16.0000,128681,true,128,131072
187,session-01,8.0000,14.0000,131072,true,128,129022
201,session-01,8.0000,14.0000,129363,true,128,127998
235,session-01,8.0000,34.0000,129022,true,128,129022
248,session-01,8.0000,13.0000,129022,true,128,130388
261,session-01,8.0000,13.0000,131072,true,128,129706
275,session-01,8.0000,14.0000,130047,true,128,129705
290,session-01,8.0000,15.0000,130047,true,128,130389
305,session-01,8.0000,15.0000,130389,true,128,131072
320,session-01,9.0000,14.0000,131072,true,65,66560
336,session-01,8.0000,17.0000,131072,true,40,40618
363,session-01,20.0000,15.0000,130730,true,30,30720
380,session-01,9.0000,28.0000,56320,true,0,0
387,session-01,2.0000,14.0000,15360,true,0,0
394,session-01,3.0000,6.0000,16384,true,0,0
407,session-01,5.0000,11.0000,77823,true,0,0
416,session-01,4.0000,10.0000,59392,true,0,0
427,session-01,5.0000,10.0000,71680,true,0,0
434,session-01,3.0000,9.0000,25600,true,0,0
444,session-01,5.0000,8.0000,68608,true,0,0
452,session-01,4.0000,9.0000,34816,true,0,0
459,session-01,2.0000,9.0000,25600,true,0,0
466,session-01,2.0000,7.0000,19456,true,0,0
473,session-01,3.0000,6.0000,16384,true,0,0
481,session-01,3.0000,8.0000,32085,true,0,0
488,session-01,3.0000,7.0000,28672,true,0,0
497,session-01,5.0000,7.0000,49152,true,0,0
504,session-01,2.0000,10.0000,32768,true,0,0
512,session-01,3.0000,7.0000,51200,true,0,0
520,session-01,3.0000,8.0000,38912,true,0,0
534,session-01,10.0000,7.0000,78848,true,0,0
546,session-01,7.0000,15.0000,130730,true,5,5120
561,session-01,8.0000,14.0000,131072,true,11,11264
581,session-01,14.0000,14.0000,80213,true,0,0
591,session-01,6.0000,18.0000,89087,true,0,0
600,session-01,4.0000,11.0000,54272,true,0,0
609,session-01,4.0000,9.0000,51200,true,0,0
617,session-01,4.0000,8.0000,47786,true,0,0
625,session-01,4.0000,8.0000,53248,true,0,0
631,session-01,2.0000,8.0000,21504,true,0,0
639,session-01,3.0000,7.0000,47104,true,0,0
646,session-01,2.0000,8.0000,36864,true,0,0
654,session-01,3.0000,7.0000,51540,true,0,0
666,session-01,7.0000,8.0000,104448,true,0,0
674,session-01,3.0000,12.0000,43008,true,0,0
680,session-01,1.0000,8.0000,12288,true,0,0
687,session-01,2.0000,6.0000,10240,true,0,0
692,session-01,1.0000,6.0000,13312,true,0,0
701,session-01,4.0000,6.0000,12288,true,0,0
709,session-01,3.0000,9.0000,31744,true,0,0
716,session-01,3.0000,7.0000,34474,true,0,0
724,session-01,4.0000,7.0000,49152,true,0,0
733,session-01,4.0000,8.0000,67584,true,0,0
742,session-01,5.0000,9.0000,80213,true,0,0
758,session-01,11.0000,10.0000,64853,true,0,0
770,session-01,8.0000,15.0000,131072,true,10,10240
783,session-01,7.0000,14.0000,122880,true,0,0
793,session-01,5.0000,12.0000,68608,true,0,0
803,session-01,5.0000,10.0000,92501,true,0,0
814,session-01,6.0000,10.0000,104448,true,0,0
827,session-01,8.0000,11.0000,130389,true,3,3072
840,session-01,8.0000,13.0000,131072,true,28,28672
853,session-01,8.0000,13.0000,130389,true,46,47104
867,session-01,8.0000,14.0000,129706,true,70,71680
881,session-01,8.0000,14.0000,131072,true,98,98986
894,session-01,8.0000,13.0000,129706,true,128,130389
908,session-01,8.0000,14.0000,130389,true,128,131072
922,session-01,8.0000,14.0000,130730,true,128,131072
935,session-01,8.0000,13.0000,131072,true,128,130389
949,session-01,8.0000,14.0000,130047,true,128,129705
962,session-01,8.0000,13.0000,129705,true,128,130389
976,session-01,8.0000,14.0000,130389,true,128,129023
990,session-01,8.0000,14.0000,127998,true,128,130389
1004,session-01,8.0000,14.0000,131072,true,128,130730
1018,session-01,8.0000,14.0000,129364,true,128,130388
1033,session-01,9.0000,14.0000,130388,true,128,130388
1048,session-01,8.0000,16.0000,130730,true,128,131072
1061,session-01,8.0000,13.0000,131072,true,128,128338
1074,session-01,8.0000,13.0000,128680,true,128,130046
1087,session-01,7.0000,14.0000,130046,true,127,126632
1100,session-01,8.0000,12.0000,127656,true,103,104104
1112,session-01,8.0000,12.0000,129362,true,81,80894
1126,session-01,8.0000,14.0000,129022,true,58,59050
1139,session-01,8.0000,13.0000,129364,true,44,44373
1152,session-01,8.0000,13.0000,127998,true,9,9216
1161,session-01,4.0000,13.0000,69290,true,0,0
1171,session-01,5.0000,9.0000,78506,true,0,0
1180,session-01,5.0000,9.0000,83967,true,0,0
1189,session-01,4.0000,10.0000,76799,true,0,0
1199,session-01,5.0000,9.0000,88745,true,0,0
1210,session-01,7.0000,9.0000,103422,true,0,0
1220,session-01,6.0000,11.0000,105129,true,0,0
1233,session-01,7.0000,12.0000,124243,true,0,0
1246,session-01,7.0000,13.0000,127316,true,0,0
1259,session-01,7.0000,13.0000,127315,true,4,3413
1277,session-01,13.0000,12.0000,111615,true,0,0
1288,session-01,6.0000,18.0000,91136,true,0,0
1297,session-01,5.0000,10.0000,70656,true,0,0
1308,session-01,7.0000,9.0000,111957,true,0,0
1320,session-01,8.0000,11.0000,131072,true,5,5120
1333,session-01,8.0000,13.0000,129023,true,27,27306
1346,session-01,8.0000,13.0000,130388,true,34,34816
1360,session-01,8.0000,14.0000,131072,true,60,61098
1373,session-01,8.0000,13.0000,130730,true,81,82260
1386,session-01,8.0000,13.0000,130388,true,98,99327
1400,session-01,8.0000,14.0000,130047,true,121,123904
1413,session-01,8.0000,13.0000,131072,true,128,130388
1426,session-01,8.0000,13.0000,130730,true,128,130389
1439,session-01,8.0000,13.0000,130389,true,128,130730
1451,session-01,7.0000,13.0000,131072,true,128,131072
1468,session-01,12.0000,12.0000,131072,true,128,130730
1480,session-01,7.0000,17.0000,130389,true,128,130388
1493,session-01,8.0000,12.0000,130388,true,128,130389
1506,session-01,7.0000,14.0000,130389,true,128,131072
1520,session-01,8.0000,13.0000,131072,true,128,130047
1533,session-01,8.0000,13.0000,130389,true,128,130730
1546,session-01,8.0000,13.0000,131072,true,128,130389
1559,session-01,8.0000,13.0000,130389,true,128,131072
1573,session-01,8.0000,14.0000,131072,true,128,130389
1587,session-01,8.0000,14.0000,131072,true,128,130389
1600,session-01,8.0000,13.0000,130389,true,128,131072
1612,session-01,7.0000,13.0000,131072,true,128,130047
1626,session-01,8.0000,13.0000,129022,true,128,129705
1640,session-01,8.0000,14.0000,130047,true,128,129364
1654,session-01,8.0000,14.0000,129705,true,128,130730
1667,session-01,8.0000,13.0000,130047,true,128,130047
1680,session-01,8.0000,13.0000,129364,true,128,129706
1694,session-01,7.0000,15.0000,130730,true,128,129705
1708,session-01,8.0000,13.0000,129705,true,128,130730
1721,session-01,8.0000,13.0000,130388,true,128,129022
1734,session-01,8.0000,13.0000,129706,true,128,129706
1747,session-01,7.0000,14.0000,130046,true,128,131072
1761,session-01,8.0000,13.0000,131072,true,128,130388
1774,session-01,8.0000,13.0000,128681,true,128,130388
1788,session-01,8.0000,14.0000,130047,true,128,130047
1801,session-01,7.0000,13.0000,130047,true,128,131072
1814,session-01,8.0000,13.0000,130730,true,128,130047
1827,session-01,7.0000,14.0000,130730,true,128,130388
1840,session-01,8.0000,12.0000,129363,true,128,130389
1853,session-01,8.0000,13.0000,129706,true,128,129706
1866,session-01,8.0000,13.0000,129706,true,128,130730
1878,session-01,7.0000,13.0000,131072,true,128,130389
1892,session-01,8.0000,13.0000,130389,true,128,131072
1905,session-01,8.0000,13.0000,130388,true,128,129364
1918,session-01,8.0000,13.0000,129706,true,128,130388
1932,session-01,9.0000,13.0000,129706,true,128,130389
1946,session-01,8.0000,15.0000,130388,true,128,129021
1958,session-01,7.0000,13.0000,129705,true,128,130388
1972,session-01,8.0000,13.0000,129706,true,128,129364
1984,session-01,8.0000,12.0000,129705,true,128,130388
1997,session-01,7.0000,13.0000,130388,true,128,129022
2009,session-01,7.0000,13.0000,127997,true,128,130730
2026,session-01,11.0000,13.0000,130389,true,128,127656
2039,session-01,8.0000,16.0000,129023,true,128,127997
2052,session-01,7.0000,14.0000,129022,true,128,130388
2065,session-01,8.0000,12.0000,131072,true,128,129364
2078,session-01,8.0000,13.0000,129706,true,128,130730
2092,session-01,8.0000,14.0000,130730,true,128,129705
2105,session-01,7.0000,14.0000,130389,true,128,130730
2119,session-01,8.0000,13.0000,129705,true,128,130047
2133,session-01,8.0000,14.0000,131072,true,128,130389
2146,session-01,7.0000,13.0000,127998,true,128,130047
2158,session-01,8.0000,12.0000,129023,true,128,131072
2172,session-01,8.0000,14.0000,130388,true,128,128681
2184,session-01,7.0000,13.0000,129023,true,128,129364
2197,session-01,8.0000,12.0000,129364,true,128,131072
2210,session-01,8.0000,13.0000,129022,true,128,130047
2223,session-01,8.0000,13.0000,128681,true,128,129364
2236,session-01,8.0000,13.0000,130047,true,128,129023
2249,session-01,8.0000,13.0000,130047,true,128,131072
2262,session-01,8.0000,13.0000,129023,true,128,129022
2276,session-01,9.0000,13.0000,130388,true,128,130389
2290,session-01,8.0000,15.0000,129364,true,128,130046
2307,session-01,11.0000,14.0000,130046,true,128,130730
2321,session-01,8.0000,17.0000,130730,true,128,129364
2334,session-01,8.0000,13.0000,130388,true,128,130047
2346,session-01,7.0000,13.0000,129364,true,128,129022
2360,session-01,8.0000,13.0000,129706,true,128,131072
2374,session-01,8.0000,14.0000,130389,true,128,129023
2387,session-01,8.0000,13.0000,131072,true,128,130388
2400,session-01,8.0000,13.0000,131072,true,128,129706
2413,session-01,8.0000,13.0000,131072,true,128,129023
2427,session-01,8.0000,14.0000,129023,true,128,130047
2447,session-01,8.0000,20.0000,129364,true,128,129706
2461,session-01,7.0000,14.0000,129706,true,128,130047
2473,session-01,8.0000,12.0000,128680,true,128,130047
2486,session-01,8.0000,13.0000,125948,true,128,129705
2498,session-01,8.0000,12.0000,130388,true,128,129705
2511,session-01,8.0000,13.0000,129364,true,128,129364
2524,session-01,7.0000,14.0000,130388,true,128,127997
2538,session-01,8.0000,13.0000,127315,true,128,129364
2551,session-01,8.0000,13.0000,128681,true,128,129023
2565,session-01,8.0000,14.0000,129023,true,128,129364
2577,session-01,7.0000,13.0000,129022,true,128,129363
2591,session-01,7.0000,14.0000,128680,true,128,128339
2606,session-01,8.0000,14.0000,130389,true,128,130389
2619,session-01,7.0000,14.0000,130046,true,128,130047
2632,session-01,7.0000,13.0000,128680,true,128,129364
2645,session-01,8.0000,12.0000,128680,true,128,128680
2661,session-01,8.0000,16.0000,130047,true,128,130730
2674,session-01,8.0000,13.0000,130047,true,128,130730
2687,session-01,8.0000,13.0000,131072,true,128,129022
2700,session-01,8.0000,13.0000,131072,true,128,130730
2713,session-01,8.0000,13.0000,131072,true,128,130389
2726,session-01,8.0000,13.0000,127657,true,128,131072
2744,session-01,8.0000,18.0000,130047,true,128,129705
2757,session-01,8.0000,13.0000,129363,true,128,130047
2770,session-01,8.0000,13.0000,129364,true,128,131072
2782,session-01,7.0000,13.0000,128680,true,128,129364
2796,session-01,8.0000,13.0000,129363,true,128,130046
2809,session-01,8.0000,13.0000,129023,true,128,129364
2822,session-01,8.0000,13.0000,129364,true,128,128680
2836,session-01,9.0000,13.0000,129705,true,128,130388
2851,session-01,9.0000,15.0000,130730,true,128,129706
2865,session-01,8.0000,15.0000,129021,true,128,128339
2879,session-01,8.0000,14.0000,128680,true,128,129022
2897,session-01,11.0000,15.0000,130389,true,128,130046
2911,session-01,8.0000,17.0000,129364,true,128,129364
2924,session-01,7.0000,14.0000,130047,true,128,130388
2937,session-01,7.0000,13.0000,131072,true,128,130047
2951,session-01,8.0000,13.0000,130047,true,128,129706
2966,session-01,10.0000,13.0000,129706,true,26,26624
2975,session-01,4.0000,15.0000,33792,true,0,0
2984,session-01,5.0000,8.0000,71337,true,0,0
2997,session-01,8.0000,10.0000,127997,true,128,129363
3011,session-01,8.0000,14.0000,130046,true,128,129364
3741,session-01,724.0000,14.0000,130730,true,128,128339
3755,session-01,7.0000,731.0000,130047,true,128,130730
3769,session-01,7.0000,14.0000,129364,true,128,129705
3785,session-01,10.0000,13.0000,130046,true,128,130730
3799,session-01,8.0000,16.0000,129022,true,128,128681
3812,session-01,8.0000,13.0000,130047,true,128,130730
3825,session-01,8.0000,13.0000,130730,true,128,130389
3840,session-01,8.0000,15.0000,130047,true,128,131072
3853,session-01,8.0000,13.0000,128340,true,128,130730
3865,session-01,7.0000,13.0000,129364,true,128,130389
3878,session-01,8.0000,12.0000,129705,true,128,129364
3892,session-01,7.0000,15.0000,131072,true,128,128339
3906,session-01,8.0000,13.0000,129023,true,128,128680
3919,session-01,7.0000,13.0000,130389,true,128,129364
3931,session-01,8.0000,12.0000,131072,true,128,129022
3945,session-01,8.0000,14.0000,130047,true,128,130389
3959,session-01,8.0000,14.0000,130730,true,128,129706
3971,session-01,7.0000,13.0000,130388,true,128,129706
3984,session-01,8.0000,12.0000,129704,true,128,130047
3998,session-01,8.0000,14.0000,130730,true,128,129706
4010,session-01,7.0000,13.0000,128680,true,128,130047
4027,session-01,11.0000,13.0000,129022,true,128,131072
4055,session-01,10.0000,29.0000,130730,true,128,129364
4073,session-01,10.0000,18.0000,129364,true,12,12288
4086,session-01,6.0000,16.0000,17408,true,0,0
4093,session-01,2.0000,12.0000,6144,true,0,0
4101,session-01,4.0000,6.0000,44031,true,0,0
4113,session-01,8.0000,8.0000,129022,true,0,0
4128,session-01,8.0000,14.0000,130389,true,128,128339
4143,session-01,9.0000,15.0000,130047,true,128,130388
4158,session-01,8.0000,15.0000,130730,true,128,130730
4173,session-01,8.0000,16.0000,128681,true,128,129364
4188,session-01,8.0000,15.0000,128339,true,128,129363
4203,session-01,8.0000,15.0000,129022,true,128,130389
4219,session-01,10.0000,14.0000,129364,true,128,127655
4233,session-01,8.0000,16.0000,129364,true,128,128681
4247,session-01,8.0000,14.0000,129021,true,128,128339
4261,session-01,7.0000,15.0000,127657,true,128,130046
4275,session-01,8.0000,13.0000,130047,true,128,128339
4289,session-01,8.0000,14.0000,128680,true,128,129022
4303,session-01,8.0000,14.0000,128681,true,128,130389
4317,session-01,8.0000,14.0000,130389,true,128,129364
4331,session-01,8.0000,14.0000,128338,true,128,129706
4345,session-01,8.0000,14.0000,128681,true,128,129364
4359,session-01,8.0000,14.0000,130047,true,128,129364
4379,session-01,14.0000,14.0000,127656,true,128,130047
4393,session-01,8.0000,20.0000,130389,true,128,128680
4407,session-01,8.0000,14.0000,129363,true,128,129022
4420,session-01,8.0000,13.0000,129364,true,128,127998
4433,session-01,8.0000,13.0000,127998,true,128,129023
4446,session-01,8.0000,13.0000,130047,true,128,130047
4460,session-01,7.0000,14.0000,130730,true,128,130389
4473,session-01,8.0000,13.0000,129023,true,128,130388
4487,session-01,7.0000,15.0000,131072,true,128,130389
4500,session-01,8.0000,12.0000,130046,true,128,129023
4515,session-01,8.0000,14.0000,130389,true,128,129705
4528,session-01,7.0000,14.0000,129022,true,128,129706
4543,session-01,9.0000,14.0000,128681,true,128,130047
4556,session-01,8.0000,14.0000,129364,true,128,129023
4568,session-01,7.0000,13.0000,129705,true,128,130047
4582,session-01,9.0000,12.0000,129705,true,128,131072
4594,session-01,7.0000,14.0000,130730,true,128,129023
4608,session-01,8.0000,13.0000,130047,true,128,131072
4621,session-01,8.0000,13.0000,129363,true,128,129706
4634,session-01,8.0000,13.0000,128339,true,128,130047
4648,session-01,8.0000,14.0000,129364,true,128,131072
4661,session-01,8.0000,13.0000,130730,true,128,128681
4675,session-01,8.0000,14.0000,130388,true,128,131072
4689,session-01,8.0000,14.0000,128340,true,128,130730
4702,session-01,8.0000,13.0000,131072,true,128,128680
4715,session-01,8.0000,13.0000,129022,true,128,129023
4729,session-01,8.0000,14.0000,130730,true,128,128681
4742,session-01,8.0000,13.0000,130389,true,128,129364
4755,session-01,8.0000,13.0000,129364,true,128,129705
4767,session-01,7.0000,13.0000,131072,true,128,128681
4781,session-01,8.0000,13.0000,130388,true,128,129706
4794,session-01,8.0000,13.0000,128681,true,128,130047
4808,session-01,9.0000,13.0000,130047,true,128,129364
4821,session-01,8.0000,14.0000,128340,true,128,129364
4834,session-01,7.0000,13.0000,129363,true,128,130389
4846,session-01,8.0000,12.0000,130047,true,128,130389
4860,session-01,8.0000,14.0000,130047,true,128,129363
4873,session-01,7.0000,14.0000,128680,true,128,129364
4887,session-01,8.0000,13.0000,131072,true,128,129363
4900,session-01,8.0000,13.0000,130047,true,128,129705
4913,session-01,8.0000,13.0000,130389,true,128,129706
4926,session-01,8.0000,13.0000,131072,true,128,129706
4939,session-01,8.0000,13.0000,129364,true,128,129363
4953,session-01,7.0000,15.0000,129705,true,128,130047
4966,session-01,8.0000,12.0000,129705,true,128,129706
4979,session-01,8.0000,13.0000,131072,true,128,130389
4993,session-01,8.0000,14.0000,130047,true,128,129706
5006,session-01,8.0000,13.0000,130047,true,128,129364
5019,session-01,8.0000,13.0000,126973,true,128,128339
5034,session-01,10.0000,13.0000,129022,true,128,130389
5046,session-01,7.0000,15.0000,129022,true,128,130389
5060,session-01,9.0000,12.0000,131072,true,128,130047
5073,session-01,7.0000,15.0000,130730,true,128,130389
5087,session-01,8.0000,13.0000,130047,true,128,127314
5099,session-01,7.0000,13.0000,129022,true,128,131072
5112,session-01,8.0000,12.0000,129364,true,128,129363
5125,session-01,8.0000,13.0000,127656,true,128,125948
5137,session-01,8.0000,12.0000,128681,true,128,128681
5150,session-01,8.0000,13.0000,130389,true,128,130047
5162,session-01,7.0000,13.0000,130389,true,128,130389
5175,session-01,7.0000,13.0000,131072,true,128,129022
5189,session-01,8.0000,13.0000,129706,true,128,129706
5203,session-01,7.0000,14.0000,130389,true,128,130389
5215,session-01,8.0000,12.0000,131072,true,128,129364
5228,session-01,8.0000,13.0000,129364,true,128,128681
5242,session-01,8.0000,14.0000,128681,true,128,129023
5255,session-01,7.0000,14.0000,128681,true,128,129364
5268,session-01,8.0000,12.0000,129364,true,128,129364
5280,session-01,8.0000,12.0000,130047,true,128,130389
5293,session-01,7.0000,14.0000,130389,true,128,130388
5306,session-01,8.0000,12.0000,130730,true,128,129704
5319,session-01,8.0000,13.0000,130730,true,128,128680
5332,session-01,8.0000,13.0000,130047,true,128,129364
5345,session-01,8.0000,13.0000,129022,true,128,130389
5358,session-01,8.0000,13.0000,130047,true,128,131072
5371,session-01,7.0000,14.0000,128681,true,128,130730
5384,session-01,8.0000,12.0000,130047,true,128,130730
5397,session-01,8.0000,13.0000,130389,true,128,130047
5411,session-01,8.0000,14.0000,130047,true,128,131072
5424,session-01,8.0000,13.0000,130047,true,128,129022
5437,session-01,8.0000,13.0000,128340,true,128,128339
5449,session-01,7.0000,13.0000,130047,true,128,131072
5463,session-01,7.0000,14.0000,129022,true,128,130388
5476,session-01,8.0000,12.0000,130389,true,128,129705
5489,session-01,7.0000,14.0000,130388,true,128,130389
5503,session-01,8.0000,13.0000,129364,true,128,129023
5516,session-01,8.0000,13.0000,129706,true,128,130047
5529,session-01,8.0000,13.0000,129706,true,128,129706
5542,session-01,8.0000,13.0000,129705,true,128,131072
5555,session-01,8.0000,13.0000,130047,true,128,130730
5568,session-01,8.0000,13.0000,129023,true,128,130047
5580,session-01,7.0000,13.0000,130389,true,128,129706
5593,session-01,8.0000,12.0000,128681,true,128,131072
5607,session-01,8.0000,14.0000,131072,true,128,130047
5622,session-01,8.0000,15.0000,130047,true,128,129705
5635,session-01,8.0000,13.0000,130388,true,128,128681
5648,session-01,7.0000,14.0000,130388,true,128,128339
5662,session-01,8.0000,13.0000,129705,true,128,128340
5675,session-01,8.0000,13.0000,129022,true,128,129364
5687,session-01,7.0000,13.0000,126974,true,128,127998
5700,session-01,8.0000,12.0000,130047,true,128,127315
5713,session-01,8.0000,13.0000,129364,true,128,129706
5725,session-01,8.0000,12.0000,129706,true,128,127314
5738,session-01,7.0000,14.0000,129022,true,128,130046
5751,session-01,8.0000,12.0000,129022,true,128,130047
5763,session-01,8.0000,12.0000,130730,true,128,129705
5776,session-01,7.0000,14.0000,130046,true,128,130389
5790,session-01,8.0000,13.0000,129705,true,128,129023
5802,session-01,7.0000,13.0000,129705,true,128,130047
5816,session-01,8.0000,13.0000,130389,true,128,131072
5828,session-01,7.0000,13.0000,127998,true,128,129364
5842,session-01,8.0000,13.0000,129023,true,128,129023
5857,session-01,8.0000,15.0000,131072,true,128,130047
5870,session-01,8.0000,13.0000,130389,true,128,129364
5883,session-01,8.0000,13.0000,128680,true,128,129022
5895,session-01,8.0000,12.0000,130389,true,128,130047
5909,session-01,8.0000,14.0000,129022,true,128,129364
5922,session-01,8.0000,13.0000,130730,true,128,130730
5934,session-01,7.0000,13.0000,130047,true,128,129705
5947,session-01,8.0000,12.0000,129706,true,128,129705
5960,session-01,8.0000,13.0000,130730,true,128,128340
5973,session-01,8.0000,13.0000,131072,true,128,129705
5986,session-01,7.0000,14.0000,129023,true,128,130730
6000,session-01,8.0000,13.0000,127998,true,128,130389
6012,session-01,7.0000,13.0000,130730,true,128,130047
6026,session-01,8.0000,13.0000,129022,true,128,130047
6039,session-01,8.0000,13.0000,129364,true,128,130388
6052,session-01,8.0000,13.0000,131072,true,128,129023
6065,session-01,8.0000,13.0000,131072,true,128,130389
6078,session-01,8.0000,13.0000,130730,true,128,129706
6092,session-01,8.0000,14.0000,129364,true,128,129364
6105,session-01,8.0000,13.0000,129364,true,128,129022
6118,session-01,8.0000,13.0000,129364,true,128,130389
6130,session-01,7.0000,13.0000,130047,true,128,129705
6149,session-01,8.0000,18.0000,131072,true,128,128340
6163,session-01,8.0000,14.0000,129363,true,128,128339
6175,session-01,8.0000,12.0000,127656,true,128,128681
6188,session-01,8.0000,13.0000,130730,true,128,130389
6201,session-01,8.0000,13.0000,130388,true,128,130388
6214,session-01,8.0000,13.0000,130047,true,128,130388
6227,session-01,8.0000,13.0000,131072,true,128,131072
6240,session-01,8.0000,13.0000,130388,true,128,130389
6254,session-01,8.0000,14.0000,130389,true,128,130389
6268,session-01,8.0000,14.0000,130730,true,128,129022
6281,session-01,8.0000,13.0000,130047,true,128,129023
6294,session-01,7.0000,14.0000,130730,true,128,127314
6311,session-01,8.0000,16.0000,130047,true,128,129705
6324,session-01,7.0000,14.0000,129705,true,128,131072
6338,session-01,8.0000,13.0000,129706,true,128,130047
6351,session-01,8.0000,13.0000,129022,true,128,129023
6365,session-01,9.0000,13.0000,130730,true,128,128681
6387,session-01,8.0000,23.0000,129364,true,128,129023
6402,session-01,9.0000,14.0000,129023,true,128,130389
6416,session-01,9.0000,14.0000,130389,true,93,95232
6429,session-01,8.0000,14.0000,131072,true,3,3072
6444,session-01,9.0000,14.0000,130730,true,10,10240
6456,session-01,6.0000,15.0000,106154,true,0,0
6468,session-01,7.0000,11.0000,129706,true,83,84992
6481,session-01,8.0000,12.0000,129706,true,128,128681
6495,session-01,8.0000,14.0000,129706,true,128,130389
6508,session-01,7.0000,14.0000,128680,true,128,130730
6521,session-01,8.0000,12.0000,128681,true,128,130047
6534,session-01,8.0000,13.0000,130047,true,128,129364
6547,session-01,7.0000,14.0000,128681,true,128,131072
6561,session-01,8.0000,13.0000,130389,true,128,128340
6577,session-01,8.0000,16.0000,130730,true,128,130047
6590,session-01,8.0000,13.0000,129706,true,128,129364
6602,session-01,8.0000,12.0000,131072,true,128,128680
6615,session-01,8.0000,13.0000,129022,true,128,130730
6628,session-01,8.0000,13.0000,131072,true,128,130047
6643,session-01,8.0000,15.0000,130047,true,128,129364
6657,session-01,8.0000,14.0000,130730,true,128,129705
6671,session-01,8.0000,14.0000,129706,true,128,130730
6683,session-01,8.0000,12.0000,130730,true,128,130730
6697,session-01,7.0000,15.0000,131072,true,128,129706
6710,session-01,8.0000,12.0000,130047,true,128,129706
6724,session-01,8.0000,14.0000,129706,true,128,129023
6737,session-01,8.0000,13.0000,129706,true,128,130389
6751,session-01,8.0000,14.0000,129022,true,128,129364
6764,session-01,8.0000,13.0000,129706,true,128,129023
6776,session-01,7.0000,13.0000,130047,true,128,129705
6790,session-01,8.0000,13.0000,130047,true,128,129021
6804,session-01,7.0000,15.0000,130730,true,128,127315
6817,session-01,7.0000,13.0000,130730,true,128,129022
6830,session-01,8.0000,12.0000,130389,true,128,131072
6843,session-01,8.0000,13.0000,129363,true,128,127315
6860,session-01,8.0000,17.0000,129023,true,128,128339
6874,session-01,8.0000,14.0000,131072,true,128,130388
6887,session-01,8.0000,13.0000,129023,true,128,130730
6899,session-01,7.0000,13.0000,131072,true,128,130388
6912,session-01,7.0000,13.0000,129364,true,128,128339
6926,session-01,8.0000,13.0000,128340,true,128,129023
6939,session-01,7.0000,14.0000,129705,true,128,130047
6952,session-01,7.0000,13.0000,129706,true,128,128680
6966,session-01,8.0000,13.0000,130047,true,128,129023
6980,session-01,9.0000,13.0000,130730,true,128,130047
6994,session-01,8.0000,15.0000,128340,true,128,130388
7008,session-01,8.0000,14.0000,129364,true,128,128681
7021,session-01,8.0000,13.0000,130388,true,128,128339
7117,session-01,91.0000,13.0000,129021,true,128,128340
7132,session-01,9.0000,97.0000,128340,true,5,5120
7140,session-01,2.0000,15.0000,20480,true,0,0
7148,session-01,3.0000,7.0000,11264,true,0,0
7159,session-01,6.0000,8.0000,10922,true,0,0
7166,session-01,2.0000,11.0000,3072,true,0,0
7183,session-01,8.0000,11.0000,129706,true,123,122536
7196,session-01,7.0000,14.0000,130047,true,128,131072
7210,session-01,8.0000,13.0000,129706,true,128,131072
7223,session-01,8.0000,13.0000,130388,true,128,131072
7237,session-01,7.0000,15.0000,129706,true,128,131072
7252,session-01,8.0000,14.0000,129022,true,128,130047
7266,session-01,8.0000,14.0000,130047,true,128,129023
7280,session-01,8.0000,14.0000,129022,true,128,130389
7295,session-01,8.0000,15.0000,131072,true,128,129021
7309,session-01,8.0000,14.0000,128681,true,128,127656
7326,session-01,8.0000,17.0000,127656,true,128,127656
7339,session-01,7.0000,14.0000,127997,true,128,130047
7352,session-01,8.0000,12.0000,127315,true,128,130730
7365,session-01,8.0000,13.0000,129364,true,128,127998
7378,session-01,8.0000,13.0000,130730,true,128,129706
7391,session-01,7.0000,14.0000,129023,true,128,128340
7404,session-01,8.0000,12.0000,129705,true,128,130047
7417,session-01,8.0000,13.0000,130389,true,128,130389
7429,session-01,7.0000,13.0000,130388,true,128,131072
7443,session-01,8.0000,13.0000,130389,true,128,130047
7457,session-01,7.0000,14.0000,129364,true,128,131072
7470,session-01,8.0000,13.0000,130047,true,128,129706
7483,session-01,8.0000,13.0000,130047,true,128,129023
7496,session-01,8.0000,13.0000,131072,true,128,130047
7508,session-01,7.0000,13.0000,130389,true,128,129364
7522,session-01,8.0000,13.0000,130047,true,128,130389
7535,session-01,8.0000,13.0000,130730,true,128,129705
7547,session-01,7.0000,13.0000,130388,true,128,131072
7560,session-01,8.0000,12.0000,129706,true,128,131072
7574,session-01,8.0000,14.0000,130389,true,128,130389
7587,session-01,8.0000,13.0000,129363,true,128,130730
7600,session-01,8.0000,13.0000,130389,true,128,128681
7613,session-01,8.0000,13.0000,129021,true,128,130047
7626,session-01,8.0000,13.0000,130047,true,128,129705
7639,session-01,7.0000,14.0000,129706,true,128,130047
7653,session-01,8.0000,13.0000,130730,true,128,129364
7666,session-01,8.0000,13.0000,129023,true,128,126290
7682,session-01,11.0000,13.0000,129023,true,128,129706
7695,session-01,7.0000,17.0000,130730,true,128,130047
7709,session-01,8.0000,13.0000,129706,true,128,130047
7722,session-01,8.0000,13.0000,130389,true,128,129706
7734,session-01,7.0000,13.0000,128681,true,128,129706
7747,session-01,8.0000,12.0000,130730,true,128,129364
7760,session-01,8.0000,13.0000,129023,true,128,128681
7774,session-01,8.0000,14.0000,128339,true,128,129022
7788,session-01,8.0000,14.0000,130730,true,128,130730
7801,session-01,8.0000,13.0000,129023,true,128,129364
7813,session-01,7.0000,13.0000,130047,true,128,129023
7827,session-01,8.0000,13.0000,130047,true,128,129363
7841,session-01,8.0000,14.0000,129363,true,128,131072
7855,session-01,8.0000,14.0000,129364,true,128,130389
7868,session-01,8.0000,13.0000,129706,true,128,130047
7881,session-01,8.0000,13.0000,130047,true,128,130388
7894,session-01,8.0000,13.0000,130389,true,128,129705
7907,session-01,7.0000,14.0000,129023,true,128,130730
7921,session-01,8.0000,13.0000,130730,true,128,128339
7934,session-01,8.0000,13.0000,130389,true,128,130730
7947,session-01,8.0000,13.0000,129705,true,128,130047
7961,session-01,8.0000,14.0000,129364,true,128,131072
7978,session-01,11.0000,14.0000,130389,true,128,129705
7992,session-01,8.0000,17.0000,128680,true,128,130047
8006,session-01,8.0000,14.0000,129022,true,128,129022
8018,session-01,7.0000,13.0000,129705,true,128,126290
8338,session-01,314.0000,13.0000,129705,true,128,130047
8352,session-01,8.0000,320.0000,127997,true,128,129023
8366,session-01,8.0000,14.0000,128340,true,128,129364
8379,session-01,8.0000,13.0000,129706,true,128,130389
8393,session-01,8.0000,14.0000,128340,true,128,129364
8414,session-01,16.0000,13.0000,128339,true,128,130047
8428,session-01,8.0000,22.0000,131072,true,128,130389
8441,session-01,8.0000,13.0000,128338,true,128,129363
8454,session-01,8.0000,13.0000,129364,true,128,130730
8467,session-01,8.0000,13.0000,130389,true,128,130046
8480,session-01,8.0000,13.0000,129706,true,128,128340
8494,session-01,8.0000,14.0000,127998,true,128,130388
8508,session-01,8.0000,14.0000,130047,true,128,129364
8521,session-01,8.0000,13.0000,129706,true,128,129364
8534,session-01,8.0000,13.0000,130730,true,128,128681
8547,session-01,8.0000,13.0000,127998,true,128,127656
8560,session-01,8.0000,13.0000,129364,true,128,126973
8573,session-01,7.0000,14.0000,128339,true,128,129364
8587,session-01,8.0000,13.0000,130389,true,128,128681
8600,session-01,8.0000,13.0000,131072,true,128,128681
8615,session-01,9.0000,14.0000,129364,true,128,130389
8628,session-01,8.0000,14.0000,129706,true,128,131072
8642,session-01,8.0000,14.0000,129705,true,128,131072
8656,session-01,8.0000,14.0000,127314,true,128,129705
8670,session-01,8.0000,14.0000,129705,true,128,130730
8683,session-01,7.0000,14.0000,130389,true,128,130388
8697,session-01,8.0000,13.0000,130388,true,128,128340
8711,session-01,8.0000,14.0000,127656,true,128,129364
8724,session-01,7.0000,14.0000,130047,true,128,130389
8739,session-01,8.0000,14.0000,128681,true,128,127656
8752,session-01,8.0000,13.0000,130047,true,128,129364
8765,session-01,8.0000,13.0000,131072,true,128,131072
8778,session-01,8.0000,13.0000,130389,true,128,127315
8792,session-01,8.0000,14.0000,129706,true,128,127998
8805,session-01,8.0000,13.0000,131072,true,128,130047
8818,session-01,8.0000,13.0000,129023,true,128,130730
8831,session-01,8.0000,13.0000,130388,true,128,129022
8843,session-01,8.0000,12.0000,129705,true,128,129363
8856,session-01,8.0000,13.0000,126973,true,128,130389
8869,session-01,8.0000,13.0000,130730,true,128,129364
8882,session-01,8.0000,13.0000,129706,true,128,130389
8895,session-01,8.0000,13.0000,130730,true,128,130389
8908,session-01,7.0000,14.0000,130047,true,128,129364
8921,session-01,8.0000,12.0000,130389,true,128,129705
8935,session-01,8.0000,14.0000,130047,true,128,129364
8947,session-01,7.0000,13.0000,129706,true,128,130730
8960,session-01,8.0000,12.0000,129364,true,128,129022
8973,session-01,8.0000,13.0000,130389,true,128,130389
8986,session-01,7.0000,14.0000,129364,true,128,128340
8999,session-01,8.0000,12.0000,129706,true,128,130730
9011,session-01,7.0000,13.0000,130047,true,128,129022
9025,session-01,8.0000,13.0000,129023,true,128,130047
9038,session-01,8.0000,13.0000,129705,true,128,129022
9051,session-01,8.0000,13.0000,129706,true,128,129364
9064,session-01,8.0000,13.0000,130047,true,128,130388
9078,session-01,8.0000,14.0000,130730,true,128,129023
9091,session-01,8.0000,13.0000,130389,true,128,131072
9104,session-01,8.0000,13.0000,129706,true,128,131072
9117,session-01,8.0000,13.0000,129705,true,128,131072
9131,session-01,8.0000,14.0000,129705,true,128,130730
9144,session-01,8.0000,13.0000,129706,true,128,131072
9157,session-01,8.0000,13.0000,130047,true,128,130388
9171,session-01,8.0000,14.0000,128340,true,128,129706
9184,session-01,7.0000,14.0000,130389,true,128,130047
9197,session-01,8.0000,12.0000,128681,true,128,130389
9210,session-01,8.0000,13.0000,128681,true,128,128681
9223,session-01,8.0000,13.0000,129022,true,128,130047
9236,session-01,8.0000,13.0000,129022,true,128,130389
9248,session-01,8.0000,12.0000,130047,true,128,129706
9262,session-01,8.0000,14.0000,129706,true,128,129706
9275,session-01,8.0000,13.0000,129022,true,128,127656
9288,session-01,8.0000,13.0000,131072,true,128,129364
9300,session-01,7.0000,13.0000,130047,true,128,130389
9313,session-01,7.0000,13.0000,129705,true,128,129364
9327,session-01,8.0000,13.0000,129364,true,128,129022
9339,session-01,7.0000,13.0000,128681,true,128,130730
9352,session-01,8.0000,12.0000,130730,true,128,130389
9365,session-01,8.0000,13.0000,128681,true,128,130389
9378,session-01,8.0000,13.0000,129023,true,128,131072
9391,session-01,8.0000,13.0000,130047,true,128,128340
9405,session-01,8.0000,14.0000,130389,true,128,129363
9418,session-01,7.0000,13.0000,130046,true,128,129705
9430,session-01,7.0000,13.0000,130388,true,128,129706
9444,session-01,7.0000,14.0000,130046,true,128,130730
9458,session-01,8.0000,13.0000,129706,true,128,129706
9471,session-01,8.0000,13.0000,129363,true,128,130047
9484,session-01,8.0000,13.0000,130730,true,128,130047
9496,session-01,7.0000,13.0000,128681,true,128,129706
9510,session-01,8.0000,13.0000,130730,true,128,129364
9523,session-01,7.0000,14.0000,128340,true,128,130047
9538,session-01,8.0000,14.0000,129706,true,128,129022
9551,session-01,8.0000,13.0000,130389,true,128,130730
9564,session-01,8.0000,13.0000,130047,true,128,126974
9577,session-01,8.0000,13.0000,129022,true,128,130389
9591,session-01,8.0000,14.0000,129706,true,128,129363
9605,session-01,8.0000,14.0000,131072,true,128,129363
9617,session-01,7.0000,13.0000,129023,true,128,129364
9630,session-01,8.0000,12.0000,130388,true,128,130730
9644,session-01,8.0000,14.0000,130389,true,128,129022
9657,session-01,8.0000,13.0000,130730,true,128,130389
9670,session-01,8.0000,13.0000,129705,true,128,129706
9683,session-01,7.0000,14.0000,131072,true,128,131072
9696,session-01,8.0000,12.0000,130047,true,128,130047
9711,session-01,8.0000,15.0000,130730,true,128,130389
9723,session-01,7.0000,13.0000,129364,true,128,130389
9737,session-01,9.0000,12.0000,130388,true,128,127998
9750,session-01,8.0000,14.0000,129364,true,128,129705
9762,session-01,7.0000,13.0000,129705,true,128,130047
9777,session-01,8.0000,14.0000,129022,true,128,129364
9790,session-01,8.0000,13.0000,130047,true,128,128681
9803,session-01,8.0000,13.0000,128339,true,128,128681
9815,session-01,8.0000,12.0000,128339,true,128,130047
9828,session-01,8.0000,13.0000,128681,true,128,130388
9842,session-01,9.0000,13.0000,130389,true,128,129705
9855,session-01,8.0000,14.0000,128340,true,128,128681
9868,session-01,8.0000,13.0000,130047,true,128,130389
9880,session-01,7.0000,13.0000,130730,true,128,130730
9895,session-01,8.0000,14.0000,129364,true,128,130047
9908,session-01,8.0000,13.0000,130047,true,128,130389
9921,session-01,7.0000,14.0000,130730,true,128,128681
9934,session-01,8.0000,12.0000,130730,true,128,128339
9948,session-01,8.0000,14.0000,128339,true,128,129706
9960,session-01,7.0000,13.0000,130047,true,128,130047
9974,session-01,7.0000,14.0000,130389,true,128,129023
9987,session-01,8.0000,12.0000,129705,true,128,129364
10000,session-01,8.0000,13.0000,129705,true,128,130047
10014,session-01,9.0000,13.0000,128339,true,128,131072